op,payload_bytes,wire_bytes,packets,iterations,trial,total_elapsed_us,elapsed_us_per_op,bytes_per_sec,alloc_count,alloc_bytes
packet_encode,1024,1044,1,64,0,122,1.906,547672131,0,0
packet_encode,1024,1044,1,64,1,116,1.812,576000000,0,0
packet_encode,1024,1044,1,64,2,116,1.812,576000000,0,0
packet_encode,1024,1044,1,64,3,138,2.156,484173913,0,0
packet_encode,1024,1044,1,64,4,116,1.812,576000000,0,0
packet_encode,1024,1044,1,64,5,116,1.812,576000000,0,0
packet_encode,4096,4116,1,64,0,457,7.141,576420131,0,0
packet_encode,4096,4116,1,64,1,461,7.203,571418655,0,0
packet_encode,4096,4116,1,64,2,457,7.141,576420131,0,0
packet_encode,4096,4116,1,64,3,457,7.141,576420131,0,0
packet_encode,4096,4116,1,64,4,459,7.172,573908497,0,0
packet_encode,4096,4116,1,64,5,457,7.141,576420131,0,0
packet_encode,65536,65856,16,64,0,7357,114.953,572894386,0,0
packet_encode,65536,65856,16,64,1,7462,116.594,564833021,0,0
packet_encode,65536,65856,16,64,2,7342,114.719,574064832,0,0
packet_encode,65536,65856,16,64,3,7361,115.016,572583073,0,0
packet_encode,65536,65856,16,64,4,7344,114.750,573908497,0,0
packet_encode,65536,65856,16,64,5,7357,114.953,572894386,0,0
packet_encode,153600,154360,38,64,0,17501,273.453,564484315,0,0
packet_encode,153600,154360,38,64,1,17236,269.312,573163147,0,0
packet_encode,153600,154360,38,64,2,17573,274.578,562171513,0,0
packet_encode,153600,154360,38,64,3,18387,287.297,537283951,0,0
packet_encode,153600,154360,38,64,4,17386,271.656,568218107,0,0
packet_encode,153600,154360,38,64,5,17501,273.453,564484315,0,0
packet_encode,1048576,1053696,256,16,0,29679,1854.938,568049328,0,0
packet_encode,1048576,1053696,256,16,1,29503,1843.938,571438023,0,0
packet_encode,1048576,1053696,256,16,2,30082,1880.125,560439332,0,0
packet_encode,1048576,1053696,256,16,3,31781,1986.312,530478462,0,0
packet_encode,1048576,1053696,256,16,4,30464,1904.000,553411765,0,0
packet_encode,1048576,1053696,256,16,5,30082,1880.125,560439332,0,0
packet_decode,1024,1044,1,64,0,116,1.812,576000000,0,0
packet_decode,1024,1044,1,64,1,505,7.891,132308911,0,0
packet_decode,1024,1044,1,64,2,115,1.797,581008696,0,0
packet_decode,1024,1044,1,64,3,121,1.891,552198347,0,0
packet_decode,1024,1044,1,64,4,115,1.797,581008696,0,0
packet_decode,1024,1044,1,64,5,116,1.812,576000000,0,0
packet_decode,4096,4116,1,64,0,454,7.094,580229075,0,0
packet_decode,4096,4116,1,64,1,454,7.094,580229075,0,0
packet_decode,4096,4116,1,64,2,454,7.094,580229075,0,0
packet_decode,4096,4116,1,64,3,464,7.250,567724138,0,0
packet_decode,4096,4116,1,64,4,454,7.094,580229075,0,0
packet_decode,4096,4116,1,64,5,454,7.094,580229075,0,0
packet_decode,65536,65856,16,64,0,7614,118.969,553557132,0,0
packet_decode,65536,65856,16,64,1,7287,113.859,578397695,0,0
packet_decode,65536,65856,16,64,2,7441,116.266,566427093,0,0
packet_decode,65536,65856,16,64,3,7312,114.250,576420131,0,0
packet_decode,65536,65856,16,64,4,7448,116.375,565894737,0,0
packet_decode,65536,65856,16,64,5,7441,116.266,566427093,0,0
packet_decode,153600,154360,38,64,0,17289,270.141,571406096,0,0
packet_decode,153600,154360,38,64,1,17193,268.641,574596638,0,0
packet_decode,153600,154360,38,64,2,17602,275.031,561245313,0,0
packet_decode,153600,154360,38,64,3,17360,271.250,569069124,0,0
packet_decode,153600,154360,38,64,4,17133,267.703,576608883,0,0
packet_decode,153600,154360,38,64,5,17289,270.141,571406096,0,0
packet_decode,1048576,1053696,256,16,0,30790,1924.375,547552322,0,0
packet_decode,1048576,1053696,256,16,1,32519,2032.438,518439558,0,0
packet_decode,1048576,1053696,256,16,2,31955,1997.188,527589923,0,0
packet_decode,1048576,1053696,256,16,3,29906,1869.125,563737578,0,0
packet_decode,1048576,1053696,256,16,4,30852,1928.250,546451964,0,0
packet_decode,1048576,1053696,256,16,5,30852,1928.250,546451964,0,0
message_encode,1024,1044,1,64,0,130,2.031,513969231,64,66816
message_encode,1024,1044,1,64,1,127,1.984,526110236,64,66816
message_encode,1024,1044,1,64,2,130,2.031,513969231,64,66816
message_encode,1024,1044,1,64,3,125,1.953,534528000,64,66816
message_encode,1024,1044,1,64,4,125,1.953,534528000,64,66816
message_encode,1024,1044,1,64,5,127,1.984,526110236,64,66816
message_encode,4096,4116,1,64,0,508,7.938,518551181,64,263424
message_encode,4096,4116,1,64,1,698,10.906,377398281,64,263424
message_encode,4096,4116,1,64,2,585,9.141,450297436,64,263424
message_encode,4096,4116,1,64,3,463,7.234,568950324,64,263424
message_encode,4096,4116,1,64,4,476,7.438,553411765,64,263424
message_encode,4096,4116,1,64,5,508,7.938,518551181,64,263424
message_encode,65536,65856,16,64,0,7492,117.062,562571276,1024,4214784
message_encode,65536,65856,16,64,1,9160,143.125,460129258,1024,4214784
message_encode,65536,65856,16,64,2,7452,116.438,565590982,1024,4214784
message_encode,65536,65856,16,64,3,7573,118.328,556554074,1024,4214784
message_encode,65536,65856,16,64,4,7806,121.969,539941583,1024,4214784
message_encode,65536,65856,16,64,5,7573,118.328,556554074,1024,4214784
message_encode,153600,154360,38,64,0,18052,282.062,547254598,2432,9879040
message_encode,153600,154360,38,64,1,17883,279.422,552426327,2432,9879040
message_encode,153600,154360,38,64,2,18314,286.156,539425576,2432,9879040
message_encode,153600,154360,38,64,3,17992,281.125,549079591,2432,9879040
message_encode,153600,154360,38,64,4,18907,295.422,522507008,2432,9879040
message_encode,153600,154360,38,64,5,18052,282.062,547254598,2432,9879040
message_encode,1048576,1053696,256,16,0,36264,2266.500,464900066,4096,16859136
message_encode,1048576,1053696,256,16,1,36886,2305.375,457060565,4096,16859136
message_encode,1048576,1053696,256,16,2,37349,2334.312,451394575,4096,16859136
message_encode,1048576,1053696,256,16,3,35476,2217.250,475226519,4096,16859136
message_encode,1048576,1053696,256,16,4,36893,2305.812,456973843,4096,16859136
message_encode,1048576,1053696,256,16,5,36886,2305.375,457060565,4096,16859136
stream_encode,1024,1044,1,64,0,125,1.953,534528000,0,0
stream_encode,1024,1044,1,64,1,124,1.938,538838710,0,0
stream_encode,1024,1044,1,64,2,127,1.984,526110236,0,0
stream_encode,1024,1044,1,64,3,124,1.938,538838710,0,0
stream_encode,1024,1044,1,64,4,124,1.938,538838710,0,0
stream_encode,1024,1044,1,64,5,124,1.938,538838710,0,0
stream_encode,4096,4116,1,64,0,500,7.812,526848000,0,0
stream_encode,4096,4116,1,64,1,487,7.609,540911704,0,0
stream_encode,4096,4116,1,64,2,530,8.281,497026415,0,0
stream_encode,4096,4116,1,64,3,504,7.875,522666667,0,0
stream_encode,4096,4116,1,64,4,487,7.609,540911704,0,0
stream_encode,4096,4116,1,64,5,500,7.812,526848000,0,0
stream_encode,65536,65856,16,64,0,7892,123.312,534057780,0,0
stream_encode,65536,65856,16,64,1,8134,127.094,518168675,0,0
stream_encode,65536,65856,16,64,2,8283,129.422,508847519,0,0
stream_encode,65536,65856,16,64,3,8315,129.922,506889236,0,0
stream_encode,65536,65856,16,64,4,7994,124.906,527243433,0,0
stream_encode,65536,65856,16,64,5,8134,127.094,518168675,0,0
stream_encode,153600,154360,38,64,0,18598,290.594,531188300,0,0
stream_encode,153600,154360,38,64,1,18748,292.938,526938340,0,0
stream_encode,153600,154360,38,64,2,18837,294.328,524448691,0,0
stream_encode,153600,154360,38,64,3,19509,304.828,506383720,0,0
stream_encode,153600,154360,38,64,4,18600,290.625,531131183,0,0
stream_encode,153600,154360,38,64,5,18748,292.938,526938340,0,0
stream_encode,1048576,1053696,256,16,0,32069,2004.312,525714428,0,0
stream_encode,1048576,1053696,256,16,1,31741,1983.812,531146971,0,0
stream_encode,1048576,1053696,256,16,2,32581,2036.312,517452994,0,0
stream_encode,1048576,1053696,256,16,3,33083,2067.688,509601185,0,0
stream_encode,1048576,1053696,256,16,4,33257,2078.562,506934961,0,0
stream_encode,1048576,1053696,256,16,5,32581,2036.312,517452994,0,0
decoder_feed,1024,1044,1,64,0,158,2.469,422886076,128,132352
decoder_feed,1024,1044,1,64,1,140,2.188,477257143,128,132352
decoder_feed,1024,1044,1,64,2,140,2.188,477257143,128,132352
decoder_feed,1024,1044,1,64,3,140,2.188,477257143,128,132352
decoder_feed,1024,1044,1,64,4,140,2.188,477257143,128,132352
decoder_feed,1024,1044,1,64,5,140,2.188,477257143,128,132352
decoder_feed,4096,4116,1,64,0,500,7.812,526848000,128,525568
decoder_feed,4096,4116,1,64,1,501,7.828,525796407,128,525568
decoder_feed,4096,4116,1,64,2,498,7.781,528963855,128,525568
decoder_feed,4096,4116,1,64,3,501,7.828,525796407,128,525568
decoder_feed,4096,4116,1,64,4,498,7.781,528963855,128,525568
decoder_feed,4096,4116,1,64,5,500,7.812,526848000,128,525568
decoder_feed,65536,65856,16,64,0,13295,207.734,317020233,384,12341248
decoder_feed,65536,65856,16,64,1,12928,202.000,326019802,384,12341248
decoder_feed,65536,65856,16,64,2,13542,211.594,311237926,384,12341248
decoder_feed,65536,65856,16,64,3,13078,204.344,322280471,384,12341248
decoder_feed,65536,65856,16,64,4,12140,189.688,347181549,384,12341248
decoder_feed,65536,65856,16,64,5,13078,204.344,322280471,384,12341248
decoder_feed,153600,154360,38,64,0,31564,493.188,312984413,512,43171328
decoder_feed,153600,154360,38,64,1,29638,463.094,333323436,512,43171328
decoder_feed,153600,154360,38,64,2,31582,493.469,312806029,512,43171328
decoder_feed,153600,154360,38,64,3,29265,457.266,337571843,512,43171328
decoder_feed,153600,154360,38,64,4,31178,487.156,316859324,512,43171328
decoder_feed,153600,154360,38,64,5,31178,487.156,316859324,512,43171328
decoder_feed,1048576,1053696,256,16,0,54334,3395.875,310287039,160,50348032
decoder_feed,1048576,1053696,256,16,1,62806,3925.375,268431933,160,50348032
decoder_feed,1048576,1053696,256,16,2,55560,3472.500,303440173,160,50348032
decoder_feed,1048576,1053696,256,16,3,55812,3488.250,302070092,160,50348032
decoder_feed,1048576,1053696,256,16,4,54973,3435.812,306680298,160,50348032
decoder_feed,1048576,1053696,256,16,5,55560,3472.500,303440173,160,50348032
frame_assembly,1024,1113,3,64,0,267,4.172,266786517,256,138624
frame_assembly,1024,1113,3,64,1,172,2.688,414139535,256,138624
frame_assembly,1024,1113,3,64,2,155,2.422,459561290,256,138624
frame_assembly,1024,1113,3,64,3,172,2.688,414139535,256,138624
frame_assembly,1024,1113,3,64,4,444,6.938,160432432,256,138624
frame_assembly,1024,1113,3,64,5,172,2.688,414139535,256,138624
frame_assembly,4096,4205,4,64,0,521,8.141,516545106,320,1056896
frame_assembly,4096,4205,4,64,1,505,7.891,532910891,320,1056896
frame_assembly,4096,4205,4,64,2,505,7.891,532910891,320,1056896
frame_assembly,4096,4205,4,64,3,507,7.922,530808679,320,1056896
frame_assembly,4096,4205,4,64,4,505,7.891,532910891,320,1056896
frame_assembly,4096,4205,4,64,5,505,7.891,532910891,320,1056896
frame_assembly,65536,65945,19,64,0,12126,189.469,348052119,576,20736896
frame_assembly,65536,65945,19,64,1,10558,164.969,399742375,576,20736896
frame_assembly,65536,65945,19,64,2,9747,152.297,433002975,576,20736896
frame_assembly,65536,65945,19,64,3,9913,154.891,425752043,576,20736896
frame_assembly,65536,65945,19,64,4,9688,151.375,435639967,576,20736896
frame_assembly,65536,65945,19,64,5,9913,154.891,425752043,576,20736896
frame_assembly,153600,154429,40,64,0,24473,382.391,403851428,640,43177088
frame_assembly,153600,154429,40,64,1,20772,324.562,475806663,640,43177088
frame_assembly,153600,154429,40,64,2,20714,323.656,477138940,640,43177088
frame_assembly,153600,154429,40,64,3,20752,324.250,476265227,640,43177088
frame_assembly,153600,154429,40,64,4,22180,346.562,445602164,640,43177088
frame_assembly,153600,154429,40,64,5,20772,324.562,475806663,640,43177088
frame_assembly,1048576,1053813,260,16,0,50299,3143.688,335215571,336,83839136
frame_assembly,1048576,1053813,260,16,1,53190,3324.375,316995826,336,83839136
frame_assembly,1048576,1053813,260,16,2,48570,3035.625,347148610,336,83839136
frame_assembly,1048576,1053813,260,16,3,50903,3181.438,331238002,336,83839136
frame_assembly,1048576,1053813,260,16,4,49546,3096.625,340310176,336,83839136
frame_assembly,1048576,1053813,260,16,5,50299,3143.688,335215571,336,83839136
